{
  "Mean By Alpha: 0.1": 0.5604151381294964,
  "SD By Alpha: 0.1": 1.1652670338637723,
  "Mean By Alpha: 1": 0.5653241805755396,
  "SD By Alpha: 1": 1.164326592471496,
  "Mean By Alpha: 5": 0.5602244446043165,
  "SD By Alpha: 5": 1.1736348851236187,
  "Mean By N: 1024": 0.00020764444444444443,
  "SD By N: 1024": 0.0001343932843255007,
  "Mean By N: 2048": 0.0003593777777777778,
  "SD By N: 2048": 6.737856503103213E-05,
  "Mean By N: 4096": 0.0007730777777777777,
  "SD By N: 4096": 8.427397779465103E-05,
  "Mean By N: 8192": 0.0016648629629629633,
  "SD By N: 8192": 0.00010703274174881175,
  "Mean By N: 16384": 0.0037943888888888884,
  "SD By N: 16384": 0.0004217976377120755,
  "Mean By N: 32768": 0.007790466666666667,
  "SD By N: 32768": 0.0007213052527829725,
  "Mean By N: 65536": 0.016428770370370372,
  "SD By N: 65536": 0.000541177943730735,
  "Mean By N: 131072": 0.035179100000000005,
  "SD By N: 131072": 0.0010977023738420436,
  "Mean By N: 262144": 0.07749864074074073,
  "SD By N: 262144": 0.003826830340379046,
  "Mean By N: 524288": 0.17184351851851848,
  "SD By N: 524288": 0.005731868424803487,
  "Mean By N: 1048576": 0.38654461481481495,
  "SD By N: 1048576": 0.011740755593287466,
  "Mean By N: 2097152": 0.8745832666666666,
  "SD By N: 2097152": 0.04444831115672016,
  "Mean By N: 4194304": 1.9359967037037036,
  "SD By N: 4194304": 0.08905136050432005,
  "Mean By N: 8388608": 0.5619879211031176,
  "SD By N: 8388608": 0.002405339462699842
}