{
  "Mean By Alpha: 0.1": 0.5871712266187051,
  "SD By Alpha: 0.1": 1.2021235162445851,
  "Mean By Alpha: 1": 0.5789020215827339,
  "SD By Alpha: 1": 1.1948234600564784,
  "Mean By Alpha: 5": 0.5711941503597122,
  "SD By Alpha: 5": 1.1815873160843233,
  "Mean By N: 1024": 0.00020709259259259262,
  "SD By N: 1024": 6.729278122175072E-05,
  "Mean By N: 2048": 0.0004205925925925925,
  "SD By N: 2048": 0.00011513474021579412,
  "Mean By N: 4096": 0.0008532777777777779,
  "SD By N: 4096": 0.00017191798432198227,
  "Mean By N: 8192": 0.0017519518518518522,
  "SD By N: 8192": 0.00019207811986547092,
  "Mean By N: 16384": 0.003989785185185185,
  "SD By N: 16384": 0.00047243481496124344,
  "Mean By N: 32768": 0.008674911111111112,
  "SD By N: 32768": 0.0016140524861195554,
  "Mean By N: 65536": 0.017005466666666667,
  "SD By N: 65536": 0.0004886683057830976,
  "Mean By N: 131072": 0.037418774074074075,
  "SD By N: 131072": 0.0027832192960107554,
  "Mean By N: 262144": 0.07999067407407409,
  "SD By N: 262144": 0.0024883312047036662,
  "Mean By N: 524288": 0.1782181814814815,
  "SD By N: 524288": 0.0048796569296209475,
  "Mean By N: 1048576": 0.4347424148148148,
  "SD By N: 1048576": 0.11362817335111282,
  "Mean By N: 2097152": 0.9063951777777778,
  "SD By N: 2097152": 0.040144573392746866,
  "Mean By N: 4194304": 1.9740327999999998,
  "SD By N: 4194304": 0.06557677561679423,
  "Mean By N: 8388608": 0.579089132853717,
  "SD By N: 8388608": 0.0066482328175638565
}