{
  "Mean By Alpha: 0.1": 0.26114334358974356,
  "SD By Alpha: 0.1": 0.4402513867480283,
  "Mean By Alpha: 1": 0.2559365,
  "SD By Alpha: 1": 0.42609093498101036,
  "Mean By Alpha: 5": 0.26333441538461544,
  "SD By Alpha: 5": 0.44360045995901276,
  "Mean By N: 5": 1.2055555555555555E-05,
  "SD By N: 5": 4.836029310000043E-06,
  "Mean By N: 10": 0.0004296296296296297,
  "SD By N: 10": 8.373570516266235E-05,
  "Mean By N: 15": 0.019068814814814813,
  "SD By N: 15": 0.00227406770308925,
  "Mean By N: 20": 0.9864168148148149,
  "SD By N: 20": 0.056196695093132853
}