{
  "Mean By Alpha: 0.1": 1.1463879381294961,
  "SD By Alpha: 0.1": 2.327985856739734,
  "Mean By Alpha: 1": 1.1361384992805756,
  "SD By Alpha: 1": 2.30379684213442,
  "Mean By Alpha: 5": 1.1369635884892084,
  "SD By Alpha: 5": 2.324504286673572,
  "Mean By N: 1024": 0.00036992222222222214,
  "SD By N: 1024": 2.9485541872029076E-05,
  "Mean By N: 2048": 0.0007940185185185186,
  "SD By N: 2048": 4.4935689405373333E-05,
  "Mean By N: 4096": 0.0017389148148148146,
  "SD By N: 4096": 5.854653444190096E-05,
  "Mean By N: 8192": 0.0038322148148148146,
  "SD By N: 8192": 0.00023975858323242198,
  "Mean By N: 16384": 0.008246837037037038,
  "SD By N: 16384": 0.0003023136707106965,
  "Mean By N: 32768": 0.01768794814814815,
  "SD By N: 32768": 0.0006508467622852618,
  "Mean By N: 65536": 0.038402488888888885,
  "SD By N: 65536": 0.0014577750347000967,
  "Mean By N: 131072": 0.08203277407407407,
  "SD By N: 131072": 0.002050986329248321,
  "Mean By N: 262144": 0.1791725111111111,
  "SD By N: 262144": 0.00600802014889157,
  "Mean By N: 524288": 0.389811862962963,
  "SD By N: 524288": 0.008646175907930816,
  "Mean By N: 1048576": 0.8491354370370371,
  "SD By N: 1048576": 0.017434548589822508,
  "Mean By N: 2097152": 1.8261427444444447,
  "SD By N: 2097152": 0.03213136351618914,
  "Mean By N: 4194304": 3.9252120592592594,
  "SD By N: 4194304": 0.08625695879097016,
  "Mean By N: 8388608": 1.1398300086330937,
  "SD By N: 8388608": 0.004737941800739617
}